,url,name,weight,actual_price,striked_price,category
0,https://cdn.mydukaan.io/app/image/357x357/?url=https://mydukaan.s3.amazonaws.com/4095334/aed5eba0-f960-4532-acdb-c318a2972346/1619169318902-5e7615a2-c75a-4c66-970c-2cfb8af3ba67.jpeg,కుంకుడికాయలు పెద్దవి / soap nut big size,Size: 250gm,45,,personal-care
1,https://cdn.mydukaan.io/app/image/357x357/?url=https://mydukaan.s3.amazonaws.com/4095334/aed5eba0-f960-4532-acdb-c318a2972346/1619169281207-842f62d9-c400-440c-bb48-e96c153c1687.jpeg,కుంకుడికాయలు / soap nut,Size: 250gm,40,45,personal-care
2,https://cdn.mydukaan.io/app/image/357x357/?url=https://mydukaan.s3.amazonaws.com/personal-care/dettol-classic-antiseptic-liquid-tllexkuvi8.jpg,dettol classic antiseptic liquid / డెటోల్ క్లాసిక్ యాంటిసెప్టిక్ లిక్విడ్,per liter,300,301.29,personal-care
3,https://cdn.mydukaan.io/app/image/357x357/?url=https://mydukaan.s3.amazonaws.com/4095334/aed5eba0-f960-4532-acdb-c318a2972346/1619253198051-83a47610-fdbf-468c-9791-7248b07b47e8.jpeg,dettol hand wash / డెటోల్ హ్యాండ్ వాష్,per 250 ml,87,89,personal-care
4,https://cdn.mydukaan.io/app/image/357x357/?url=https://mydukaan.s3.amazonaws.com/4095334/aed5eba0-f960-4532-acdb-c318a2972346/1619253252653-530fa4fb-e0fd-4e99-81d3-68168ee09006.jpeg,savlon hand wash / సావ్లాన్ హ్యాండ్ వాష్,per 20 ml,25,,personal-care
5,https://cdn.mydukaan.io/app/image/357x357/?url=https://mydukaan.s3.amazonaws.com/personal-care/santoor-sandal-turmeric-soap-e7h8x4jtb2.jpg,santoor sandal & turmeric soap / సంతూర్ శాండల్ & పసుపు సబ్బు,Size: 100gm,29,30,personal-care
6,https://cdn.mydukaan.io/app/image/357x357/?url=https://mydukaan.s3.amazonaws.com/4095334/aed5eba0-f960-4532-acdb-c318a2972346/1619280737849-5c205b89-5008-41e6-972c-f2d25cfb3dd0.jpeg,santoor aloe fresh bathing soap / శాంతూర్ కలబంద తాజా స్నానపు సబ్బు,Size: 200gm(Set),39,40,personal-care
7,https://cdn.mydukaan.io/app/image/357x357/?url=https://mydukaan.s3.amazonaws.com/personal-care/santoor-almond-soft-soap-with-sandal-almond-milk-q6afhei74y.jpg,santoor almond soft soap with sandal & almond milk / శాంతూర్ బాదం మిల్క్‌ సాఫ్ట్ సోప్,per 625 gram,145,150,personal-care
8,https://cdn.mydukaan.io/app/image/357x357/?url=https://mydukaan.s3.amazonaws.com/personal-care/dettol-original-soap-vdddjl3voy.jpg,dettol original soap / డెటోల్ ఒరిజినల్ సబ్బు,Size: 45gm,10,,personal-care
9,https://cdn.mydukaan.io/app/image/357x357/?url=https://mydukaan.s3.amazonaws.com/4095334/aed5eba0-f960-4532-acdb-c318a2972346/1619280785282-59292e01-2efb-4552-ba9d-cf8a40b89532.jpeg,dettol cool soap / డెటోల్ కూల్ సోప్,per 300 gram,96,99,personal-care
10,https://cdn.mydukaan.io/app/image/357x357/?url=https://mydukaan.s3.amazonaws.com/personal-care/dettol-moms-bathing-soap-citrus-zttuxu0f8b.jpg,dettol & moms bathing soap citrus / డెటోల్ & మామ్స్ స్నానపు సోప్ సిట్రస్,per 300 grams,120,,personal-care
11,https://cdn.mydukaan.io/app/image/357x357/?url=https://mydukaan.s3.amazonaws.com/personal-care/pears-pure-gentle-bathing-bar-obhfksf5mr.jpg,pears pure & gentle bathing bar / పెర్స్ ప్యూర్ & జెంటిల్ బాత్ బార్,Size: 60gm,20,,personal-care
12,https://cdn.mydukaan.io/app/image/357x357/?url=https://mydukaan.s3.amazonaws.com/personal-care/dove-cream-beauty-bathing-bar-6ks8fvlp7e.jpg,dove cream beauty bathing bar / డోవ్ క్రీమ్ బ్యూటీ బాత్ బార్,Size: 50gm,24,,personal-care
13,https://cdn.mydukaan.io/app/image/357x357/?url=https://mydukaan.s3.amazonaws.com/4095334/aed5eba0-f960-4532-acdb-c318a2972346/1619274337454-4526a9b1-381c-4a24-b717-936b571a5469.jpeg,lifebouy neem / లైఫ్‌బాయ్ నీమ్,per 125 piece,30,,personal-care
14,https://cdn.mydukaan.io/app/image/357x357/?url=https://mydukaan.s3.amazonaws.com/4095334/aed5eba0-f960-4532-acdb-c318a2972346/1619280665065-806656ae-56b2-4754-a465-309175b6e3c4.jpeg,lifebuoy / లైఫ్‌బాయ్,per 50 gram,10,,personal-care
15,https://cdn.mydukaan.io/app/image/357x357/?url=https://mydukaan.s3.amazonaws.com/4095334/aed5eba0-f960-4532-acdb-c318a2972346/1619280619933-4c4fd2e1-33e6-4c4d-b103-76303f5f0edf.jpeg,lifebuoy turmeric soap / లైఫ్‌బాయ్ పసుపు సబ్బు,per 125 gram,30,,personal-care
16,https://cdn.mydukaan.io/app/image/357x357/?url=https://mydukaan.s3.amazonaws.com/4095334/aed5eba0-f960-4532-acdb-c318a2972346/1619280562229-b8d81612-c782-43b1-9152-ba7d43ce4fff.jpeg,godrej shikakai soap/గోద్రేజ్ షికాకై సబ్బు,per 75 gram,22,,personal-care
17,https://cdn.mydukaan.io/app/image/357x357/?url=https://mydukaan.s3.amazonaws.com/4095334/aed5eba0-f960-4532-acdb-c318a2972346/1619280499599-ecc202d2-e522-4167-a37e-a48f190012b3.jpeg,medimix soap/మెడిమిక్స్ సబ్బు,Size: 75gm,28,,personal-care
18,https://cdn.mydukaan.io/app/image/357x357/?url=https://mydukaan.s3.amazonaws.com/personal-care/cinthol-lime-refreshing-deo-soap-g7elqokvc9.jpg,cinthol lime refreshing deo soap/సింథోల్ లైమ్ రిఫ్రెష్యంగ్ డియో సబ్బు,Size: 50gm,10,,personal-care
19,https://cdn.mydukaan.io/app/image/357x357/?url=https://mydukaan.s3.amazonaws.com/personal-care/dettol-skincare-soap-5e9pw8rcx0.jpg,dettol skincare soap/డెటోల్ స్కిన్కేర్ సోప్,per 300 g,90,,personal-care
20,https://cdn.mydukaan.io/app/image/357x357/?url=https://mydukaan.s3.amazonaws.com/personal-care/godrej-no-1-sandal-turmeric-soap-pn5xlz8boj.jpg,godrej no.1 sandal & turmeric soap/గోద్రేజ్ నెం .1 శాండల్ & పసుపు సబ్బు,Size: 252gm(Set),40,,personal-care
21,https://cdn.mydukaan.io/app/image/357x357/?url=https://mydukaan.s3.amazonaws.com/4095334/aed5eba0-f960-4532-acdb-c318a2972346/1619274190469-dce0d6d9-0749-4d5f-9ed8-0f6b1a69bf9a.jpeg,godrej no.1 jasmine milk cream soap/గోద్రేజ్ నెం .1 జాస్మిన్ మిల్క్ క్రీమ్ సోప్,per 500 g,80,84,personal-care
22,https://cdn.mydukaan.io/app/image/357x357/?url=https://mydukaan.s3.amazonaws.com/personal-care/cinthol-original-deodorant-complexion-soap-xyiw4qtkkw.jpg,cinthol original deodorant & complexion soap/సింథోల్ ఒరిజినల్ డియోడరెంట్ & కాంప్లెక్సియన్ సోప్,per 400 gm,145,151,personal-care
23,https://cdn.mydukaan.io/app/image/357x357/?url=https://mydukaan.s3.amazonaws.com/personal-care/rexona-silky-soft-skin-coconut-olive-oil-soap-kotkiimp8s.jpg,rexona silky soft skin coconut & olive oil soap/రెక్స్ఓన సిల్కీ సాఫ్ట్ స్కిన్ కోకోనట్ & ఆలివ్ ఆయిల్ సోప్,per 100 grams,28,,personal-care
24,https://cdn.mydukaan.io/app/image/357x357/?url=https://mydukaan.s3.amazonaws.com/personal-care/lux-rose-vitamin-e-soft-glowing-skin-soap-bar-pysbe59mir.jpg,lux rose & vitamin e soft glowing skin soap/లక్స్ రొసె & విటమిన్ e సాఫ్ట్ గ్లోవింగ్ స్కిన్ సబ్బు,Size: 50gm,10,,personal-care
25,https://cdn.mydukaan.io/app/image/357x357/?url=https://mydukaan.s3.amazonaws.com/4095334/aed5eba0-f960-4532-acdb-c318a2972346/1619274095842-3fb51ab6-037c-4356-8348-647cbc49aeae.jpeg,international lux creamy perfection/ఇంటర్నేషనల్ లక్స్ క్రీమీ పర్ఫెక్షన్,Size: 75gm,35,,personal-care
26,https://cdn.mydukaan.io/app/image/357x357/?url=https://mydukaan.s3.amazonaws.com/personal-care/sensodyne-rapid-relief-toothpaste-op91s8veca.jpg,sensodyne rapid relief toothpaste/సెన్సొడైన్ రాపిడ్ రిలీఫ్ టూత్ పేస్ట్,Size: 40gm,90,,personal-care
27,https://cdn.mydukaan.io/app/image/357x357/?url=https://mydukaan.s3.amazonaws.com/personal-care/sensodyne-sensitive-fresh-mint-toothpaste-hznxz7cuo8.jpg,sensodyne sensitive fresh mint toothpaste/సెన్సొడైన్ సెన్సిటివిటి ఫ్రెష్ మింట్ టూత్ పేస్ట్,Size: 40gm,70,,personal-care
28,https://cdn.mydukaan.io/app/image/357x357/?url=https://mydukaan.s3.amazonaws.com/4095334/aed5eba0-f960-4532-acdb-c318a2972346/1619273565324-1d9e05f0-d203-4543-b45f-7fe315cdfad6.jpeg,sensodyne fresh gel toothpaste/సెన్సొడైన్ ఫ్రెష్ జెల్ టూత్ పేస్ట్,Size: 40gm,40,,personal-care
29,https://cdn.mydukaan.io/app/image/357x357/?url=https://mydukaan.s3.amazonaws.com/4095334/aed5eba0-f960-4532-acdb-c318a2972346/1619273506347-c740c70e-f1d3-403f-9a25-2d7950fd1cb0.jpeg,sensodyne whitening toothpaste/సెన్సొడైన్ వైట్నింగ్ టూత్ పేస్ట్,per 70 gram,130,,personal-care
30,https://cdn.mydukaan.io/app/image/357x357/?url=https://mydukaan.s3.amazonaws.com/personal-care/pepsodent-germicheck-cavity-protection-toothpaste-bn2eun4xc3.jpg,pepsodent germicheck+ cavity protection toothpaste/పేపసిడెంట్ జర్మ్ చెక్ ప్లస్ కెవిటీ ప్రొటెక్షన్ టూత్ పేస్ట్,Size: 100gm,45,,personal-care
31,https://cdn.mydukaan.io/app/image/357x357/?url=https://mydukaan.s3.amazonaws.com/personal-care/colgate-sensitive-toothpaste-0cpwheqxjw.jpg,colgate sensitive toothpaste/కోల్గేట్ సెన్సిటివ్ టూత్ పేస్ట్,per 160 g,120,,personal-care
32,https://cdn.mydukaan.io/app/image/357x357/?url=https://mydukaan.s3.amazonaws.com/personal-care/colgate-active-salt-toothpaste-200-100-g-qwz6y9q72l.jpg,colgate active salt toothpaste/కోల్గేట్ ఆక్టివ్ సాల్ట్ టూత్ పేస్ట్ (200 + 100) g,Size: 20gm,10,,personal-care
33,https://cdn.mydukaan.io/app/image/357x357/?url=https://mydukaan.s3.amazonaws.com/personal-care/colgate-strong-teeth-dental-cream-toothpaste-lnj609th79.jpg,colgate strong teeth dental cream toothpaste/కోల్గేట్ స్ట్రాంగ్ టీత్ డెంటల్ క్రీమ్ టూత్ పేస్ట్,Size: 20gm,10,,personal-care
34,https://cdn.mydukaan.io/app/image/357x357/?url=https://mydukaan.s3.amazonaws.com/personal-care/closeup-ever-fresh-red-hot-gel-toothpaste-vofg4299ww.jpg,closeup ever fresh red hot gel toothpaste/క్లోస్అప్ ఎవర్ రెడ్ హాట్ జెల్ టూత్ పేస్ట్,Size: 48gm,20,,personal-care
35,https://cdn.mydukaan.io/app/image/357x357/?url=https://mydukaan.s3.amazonaws.com/personal-care/colgate-cibaca-toothpaste-ngk17wiisw.jpg,colgate cibaca toothpaste/కోల్గేట్ సిబాకా టూత్ పేస్ట్,Size: 80gm,30,,personal-care
36,https://cdn.mydukaan.io/app/image/357x357/?url=https://mydukaan.s3.amazonaws.com/4095334/aed5eba0-f960-4532-acdb-c318a2972346/1619273409540-5348778b-26b9-4937-81dd-c252a969f8a8.jpeg,colgate swarna vedshakti/కోల్గేట్ స్వర్ణ వేదశక్తి,per 100 gram,50,52,personal-care
37,https://cdn.mydukaan.io/app/image/357x357/?url=https://mydukaan.s3.amazonaws.com/personal-care/dabur-red-toothpaste-94abda4q0s.jpg,dabur red toothpaste/డబుర్ రెడ్ టూత్ పేస్ట్,Size: 45gm,20,,personal-care
38,https://cdn.mydukaan.io/app/image/357x357/?url=https://mydukaan.s3.amazonaws.com/personal-care/colgate-max-fresh-spicy-fresh-red-gel-toothpaste-4sz4vxfe7t.jpg,colgate max fresh red gel toothpaste/కోల్గేట్ మాక్స్ ఫ్రెష్ రెడ్ జెల్ టూత్ పేస్ట్,Size: 84gm,53,,personal-care
39,https://cdn.mydukaan.io/app/image/357x357/?url=https://mydukaan.s3.amazonaws.com/4095334/aed5eba0-f960-4532-acdb-c318a2972346/1619626688484-27893d7b-1ce4-43d8-8c6f-107227812592.jpeg,shikayalu / శికాయలుshikakai,Size: 250gm,35,40,personal-care
40,https://cdn.mydukaan.io/app/image/357x357/?url=https://mydukaan.s3.amazonaws.com/personal-care/godrej-expert-rich-creme-ammonia-free-hair-colour-natural-black-ychb66s0r1.jpg,"godrej expert rich creme ammonia free hair colour, natural black/గోద్రేజ్ ఎక్స్‌పర్ట్ రిచ్ క్రీమ్ అమ్మోనియా ఫ్రీ హెయిర్ కలర్, నేచురల్ బ్లాక్",per 20 g,30,,personal-care
41,https://cdn.mydukaan.io/app/image/357x357/?url=https://mydukaan.s3.amazonaws.com/4095334/aed5eba0-f960-4532-acdb-c318a2972346/1619697938350-3c86a05a-d44f-48be-9de7-e5742eff23cd.jpeg,godrej expert easy 5 minute hair colour/గోద్రేజ్ ఎక్స్‌పర్ట్ ఈజీ 5 మినిట్ హెయిర్ కలర్,per 20 ml,25,,personal-care
42,https://cdn.mydukaan.io/app/image/357x357/?url=https://mydukaan.s3.amazonaws.com/4095334/aed5eba0-f960-4532-acdb-c318a2972346/1624594809387-a1f932e6-d61f-4485-971d-f3311d525d4d.jpeg,indica easy hair colour shampoo/ఇండికా ఈజీ హెయిర్ కలర్ షాంపూ,per 18 ml,25,27,personal-care
43,https://cdn.mydukaan.io/app/image/357x357/?url=https://mydukaan.s3.amazonaws.com/4095334/aed5eba0-f960-4532-acdb-c318a2972346/1619698252003-951f6529-81cd-43bf-a556-357dbc67e8b4.jpeg,v i p hair colour shampoo/v i p హెయిర్ కలర్ షాంపూ,per 20 ml,51,,personal-care
44,https://cdn.mydukaan.io/app/image/357x357/?url=https://mydukaan.s3.amazonaws.com/4095334/aed5eba0-f960-4532-acdb-c318a2972346/1619754613456-29ff6ad2-ad02-456a-ae65-b0b24793edef.jpeg,eno regular fruit salt,per 5 g,9,,personal-care
45,https://cdn.mydukaan.io/app/image/357x357/?url=https://mydukaan.s3.amazonaws.com/4095334/aed5eba0-f960-4532-acdb-c318a2972346/1619754602190-f5914b90-b864-4f82-94a0-e5943683b0da.jpeg,eno orange flavour,per 5 grams,9,,personal-care
46,https://cdn.mydukaan.io/app/image/357x357/?url=https://mydukaan.s3.amazonaws.com/personal-care/eno-cola-flavour-0114rwm1e8.822000,eno cola flavour,per 5 grams,9,,personal-care
47,https://cdn.mydukaan.io/app/image/357x357/?url=https://mydukaan.s3.amazonaws.com/4095334/aed5eba0-f960-4532-acdb-c318a2972346/1619756279561-f2d49a5b-26f0-44b3-b113-4d910c30c76b.jpeg,godrej expert hair colour powder,per 3 gram,19,,personal-care
48,https://cdn.mydukaan.io/app/image/357x357/?url=https://mydukaan.s3.amazonaws.com/personal-care/dabur-gulabari-premium-rose-water-h2sup11vph.jpg,dabur gulabari premium rose water,Size: 30ml,15,,personal-care
49,https://cdn.mydukaan.io/app/image/357x357/?url=https://mydukaan.s3.amazonaws.com/4095334/aed5eba0-f960-4532-acdb-c318a2972346/1619760888360-7c8a0254-0c5a-48d6-82bb-8c43577a36e5.jpeg,shower to shower prickly heat powder,per 150 gram,110,,personal-care
50,https://cdn.mydukaan.io/app/image/357x357/?url=https://mydukaan.s3.amazonaws.com/4095334/aed5eba0-f960-4532-acdb-c318a2972346/1619760967576-e5428fce-d210-47f5-92b9-1c8f53072f9e.jpeg,navaratna cool talc powder,per 50 gram,45,,personal-care
51,https://cdn.mydukaan.io/app/image/357x357/?url=https://mydukaan.s3.amazonaws.com/4095334/aed5eba0-f960-4532-acdb-c318a2972346/1619761034252-12c93c8c-9b9a-402b-a3fd-212bcb7ed82d.jpeg,navaratna mint cool talc powder,per 50 gram,45,,personal-care
52,https://cdn.mydukaan.io/app/image/357x357/?url=https://mydukaan.s3.amazonaws.com/4095334/aed5eba0-f960-4532-acdb-c318a2972346/1619761176013-baf8e26f-7d2e-4970-be95-3a850f7ba502.jpeg,boro plus ice cool prickly heat powder,Size: 185 Gm,100,105,personal-care
53,https://cdn.mydukaan.io/app/image/357x357/?url=https://mydukaan.s3.amazonaws.com/4095334/aed5eba0-f960-4532-acdb-c318a2972346/1619761413178-05e565c8-c878-430a-8b3c-d24c8c31876b.jpeg,dermi cool prickly heat powder sandal,per 90 gram,80,,personal-care
54,https://cdn.mydukaan.io/app/image/357x357/?url=https://mydukaan.s3.amazonaws.com/4095334/aed5eba0-f960-4532-acdb-c318a2972346/1619761423970-ceaff8f1-d0e7-4d21-bbae-583f5708c8c3.jpeg,dermi cool prickly heat powder lavender,per 90 gram,80,,personal-care
55,https://cdn.mydukaan.io/app/image/357x357/?url=https://mydukaan.s3.amazonaws.com/4095334/aed5eba0-f960-4532-acdb-c318a2972346/1619761435797-d0be84b3-9bbc-4e04-a0e8-9b0ed03d064d.jpeg,dermi cool prickly heat powder menthol,per 90 gram,80,,personal-care
56,https://cdn.mydukaan.io/app/image/357x357/?url=https://mydukaan.s3.amazonaws.com/personal-care/pond-s-dreamflower-pink-lily-fragrant-talc-tq15lu6ywj.jpg,pond's dreamflower pink lily fragrant talc,Size: 50gm,49,,personal-care
57,https://cdn.mydukaan.io/app/image/357x357/?url=https://mydukaan.s3.amazonaws.com/4095334/aed5eba0-f960-4532-acdb-c318a2972346/1619761812258-690bb9a5-42a4-4046-a366-2ce4528fdec2.jpeg,pond's magic acacia honey freshness talc powder,Size: 50gm,60,,personal-care
58,https://cdn.mydukaan.io/app/image/357x357/?url=https://mydukaan.s3.amazonaws.com/4095334/aed5eba0-f960-4532-acdb-c318a2972346/1619761848741-ca491fa5-f33c-4324-bb43-701552b8430c.jpeg,pond's sandal radiance talc powder,Size: 50gm,65,,personal-care
59,https://cdn.mydukaan.io/app/image/357x357/?url=https://mydukaan.s3.amazonaws.com/4095334/aed5eba0-f960-4532-acdb-c318a2972346/1619762239543-deb4c9a4-c9cd-4d28-9b6f-7911b3611dbc.jpeg,pond's starlight perfumed talc,per 50 gram,60,,personal-care
60,https://cdn.mydukaan.io/app/image/357x357/?url=https://mydukaan.s3.amazonaws.com/4095334/aed5eba0-f960-4532-acdb-c318a2972346/1619762468341-73450e2d-aedf-4189-99a6-33b7d3cbf033.jpeg,fogg body spray(napoleon),per 120 ml,180,185,personal-care
61,https://cdn.mydukaan.io/app/image/357x357/?url=https://mydukaan.s3.amazonaws.com/4095334/aed5eba0-f960-4532-acdb-c318a2972346/1619762529144-73c9dcab-0cb3-4c15-bd4a-c51fff044733.jpeg,fogg body spray(marco),per 120 ml,180,185,personal-care
62,https://cdn.mydukaan.io/app/image/357x357/?url=https://mydukaan.s3.amazonaws.com/4095334/aed5eba0-f960-4532-acdb-c318a2972346/1619762720833-5d5d7508-e8b3-461d-ba02-2b2d7a641825.jpeg,vip hair colour shampo,per 180 ml,490,500,personal-care
63,https://cdn.mydukaan.io/app/image/357x357/?url=https://mydukaan.s3.amazonaws.com/4095334/aed5eba0-f960-4532-acdb-c318a2972346/1619762820643-c6308a01-adae-473f-9129-1a7b4a0ab90c.jpeg,axe signature denim shaving cream,per 30 gram,42,,personal-care
64,https://cdn.mydukaan.io/app/image/357x357/?url=https://mydukaan.s3.amazonaws.com/4095334/aed5eba0-f960-4532-acdb-c318a2972346/1619763011320-e3e6ecef-f81a-461d-b311-0929797308d5.jpeg,emami fair and hand some,Size: 15 Gm,25,,personal-care
65,https://cdn.mydukaan.io/app/image/357x357/?url=https://mydukaan.s3.amazonaws.com/4095334/aed5eba0-f960-4532-acdb-c318a2972346/1619763217908-f509ec5d-754a-4b58-9545-f1d903b4fdb8.jpeg,fair & lovely advanced cream,Size: 25gm,56,,personal-care
66,https://cdn.mydukaan.io/app/image/357x357/?url=https://mydukaan.s3.amazonaws.com/4095334/aed5eba0-f960-4532-acdb-c318a2972346/1619763429699-7e08af8c-6224-4305-b51a-10cb2d6f5844.jpeg,men's fair & lovely instant brightness,per 25 gram,75,,personal-care
67,https://cdn.mydukaan.io/app/image/357x357/?url=https://mydukaan.s3.amazonaws.com/4095334/aed5eba0-f960-4532-acdb-c318a2972346/1619763556798-a9dc6c18-b624-4a15-a95a-66098f36e7f6.jpeg,vcare moustache & beard hair colour shampoo,per 5 ml,25,,personal-care
68,https://cdn.mydukaan.io/app/image/357x357/?url=https://mydukaan.s3.amazonaws.com/4095334/aed5eba0-f960-4532-acdb-c318a2972346/1619763806219-285d2fdd-7e9e-484d-be9b-51f2b794b8c5.jpeg,wild stone freshness talc powder,per 300 gram,175,180,personal-care
69,https://cdn.mydukaan.io/app/image/357x357/?url=https://mydukaan.s3.amazonaws.com/4095334/aed5eba0-f960-4532-acdb-c318a2972346/1619763878187-79681ecf-c55a-4b2c-a49c-ab36e3308aaf.jpeg,wild stone fragrant talc powder,per 300 gram,175,180,personal-care
70,https://cdn.mydukaan.io/app/image/357x357/?url=https://mydukaan.s3.amazonaws.com/4095334/aed5eba0-f960-4532-acdb-c318a2972346/1619764034473-401c5784-56b3-4a9e-965c-8b8dd89f2f5a.jpeg,godrej hand sanitizer,per 100 ml,50,,personal-care
71,https://cdn.mydukaan.io/app/image/357x357/?url=https://mydukaan.s3.amazonaws.com/4095334/aed5eba0-f960-4532-acdb-c318a2972346/1619764106603-96c0f0fc-d529-46d9-b7ce-b2348a752131.jpeg,zandu ayurvedic hand sanitizer,per 100 ml,50,,personal-care
72,https://cdn.mydukaan.io/app/image/357x357/?url=https://mydukaan.s3.amazonaws.com/personal-care/zandu-pain-relief-balm-fbqv8ilx1o.jpg,zandu pain relief balm,per 8 ml,37,,personal-care
73,https://cdn.mydukaan.io/app/image/357x357/?url=https://mydukaan.s3.amazonaws.com/personal-care/pond-s-white-beauty-fairness-spf-15-pa-cream-e5rb4ahyaj.jpg,pond's white beauty fairness spf 15 pa++ cream/పాండ్స్ వైట్ బ్యూటీ ఫైర్న్స్ ఎస్ పీ ఎఫ్ 15 పీఏ ++ క్రీమ్,per 23 grams,70,,personal-care
74,https://cdn.mydukaan.io/app/image/357x357/?url=https://mydukaan.s3.amazonaws.com/personal-care/ponds-mosturising-cold-cream-em3r3fuvae.jpg,ponds mosturising cold cream/పాండ్స్ మొయిస్తూరీసింగ్ కోల్డ్ క్రీమ్,per 26 gram,46,,personal-care
75,https://cdn.mydukaan.io/app/image/357x357/?url=https://mydukaan.s3.amazonaws.com/personal-care/vicks-vaporub-pain-relief-balm-z5ixthoa3i.jpg,vicks vaporub pain relief balm/విక్స్ వాపోరబ్ పెయిన్ రిలీఫ్ బామ్,Size: 5ml,19,,personal-care
76,https://cdn.mydukaan.io/app/image/357x357/?url=https://mydukaan.s3.amazonaws.com/4095334/aed5eba0-f960-4532-acdb-c318a2972346/1619775251421-e93de34c-0ca8-4ed7-9d90-ad4d9144bc8f.jpeg,iodex body pain expert/అయోడెక్స్ బాడీ పెయిన్ ఎక్స్‌పర్ట్,per 8 gram,40,,personal-care
77,https://cdn.mydukaan.io/app/image/357x357/?url=https://mydukaan.s3.amazonaws.com/personal-care/head-shoulders-smooth-silky-anti-dandruff-shampoo-1vs7u34drg.jpg,head & shoulders smooth & silky anti-dandruff shampoo/హెడ్ & షోల్డర్స్ స్మూత్ & సిల్కీ యాంటీ డాన్ డ్రఫ్ షాంపూ,Size: 72ml,65,68,personal-care
78,https://cdn.mydukaan.io/app/image/357x357/?url=https://mydukaan.s3.amazonaws.com/personal-care/head-shoulder-silky-black-anti-dandruf-shampoo-8shad91u7a.jpg,head & shoulder silky black anti dandruf shampoo/హెడ్ & షోల్డర్స్ సిల్కీ బ్లాక్ యాంటీ డాన్ డర్ఫ్ షాంపూ,Size: 72ml,68,,personal-care
79,https://cdn.mydukaan.io/app/image/357x357/?url=https://mydukaan.s3.amazonaws.com/personal-care/head-shoulders-anti-hairfall-anti-dandruff-shampoo-wxns1mbc1a.jpg,head & shoulders anti-hairfall anti-dandruff shampoo/హెడ్ & షోల్డర్స్ యాంటీ-హెయిర్ ఫాల్ యాంటీ-డాన్ డ్రఫ్ షాంపూ,Size: 72ml,65,68,personal-care
80,https://cdn.mydukaan.io/app/image/357x357/?url=https://mydukaan.s3.amazonaws.com/personal-care/head-shoulders-cool-menthol-anti-dandruff-shampoo-b16kttd25g.jpg,head & shoulders cool menthol anti-dandruff shampoo/హెడ్ &ZeroWidthSpace&ZeroWidthSpace& షోల్డర్స్ కూల్ మెంతోల్ యాంటీ డాన్ డ్రఫ్ షాంపూ,per 340 ml,285,,personal-care
81,https://cdn.mydukaan.io/app/image/357x357/?url=https://mydukaan.s3.amazonaws.com/4095334/aed5eba0-f960-4532-acdb-c318a2972346/1619775938040-b09a45b4-302e-4c5c-8c91-1df18e943018.jpeg,head & shoulders max cool anti-dandruff shampoo/head & shoulders max cool anti-dandruff shampoo,per 340 ml,285,,personal-care
82,https://cdn.mydukaan.io/app/image/357x357/?url=https://mydukaan.s3.amazonaws.com/personal-care/clinic-plus-strong-long-health-shampoo-fza0dhlhy1.jpg,clinic plus strong & long health shampoo/క్లినిక్ ప్లస్ స్ట్రాంగ్ & లాంగ్ హెల్త్ షాంపూ,Size: 40ml,10,,personal-care
83,https://cdn.mydukaan.io/app/image/357x357/?url=https://mydukaan.s3.amazonaws.com/personal-care/pantene-pro-v-advanced-hair-fall-control-shampoo-zo3siazle4.jpg,pantene pro-v advanced hair fall control shampoo/పాంటెనే ప్రో-వి అడ్వాన్స్‌డ్ హెయిర్ ఫాల్ కంట్రోల్ షాంపూ,per 75 ml,60,,personal-care
84,https://cdn.mydukaan.io/app/image/357x357/?url=https://mydukaan.s3.amazonaws.com/personal-care/pantene-pro-v-total-damage-care-shampoo-j1iudspwoa.jpg,pantene pro-v total damage care shampoo/పాంటెనే ప్రో-వి టోటల్ డ్యామేజ్ కేర్ షాంపూ,per 75 ml,60,,personal-care
85,https://cdn.mydukaan.io/app/image/357x357/?url=https://mydukaan.s3.amazonaws.com/personal-care/pantene-advanced-haircare-solution-lively-clean-shampoo-lmc1fjtvsb.jpg,pantene advanced haircare solution + lively clean shampoo/పాంటెనే అడ్వాన్స్‌డ్ హెయిర్‌కేర్ సొల్యూషన్ + లైవ్లీ క్లీన్ షాంపూ,per 90 ml,60,,personal-care
86,https://cdn.mydukaan.io/app/image/357x357/?url=https://mydukaan.s3.amazonaws.com/personal-care/pantene-advanced-hair-fall-solution-long-black-shampoo-8c5t0q0ogo.jpg,pantene advanced hair fall solution long black shampoo/పాంటెనే అడ్వాన్స్‌డ్ హెయిర్ ఫాల్ సొల్యూషన్ లాంగ్ బ్లాక్ షాంపూ,per 60 ml,75,,personal-care
87,https://cdn.mydukaan.io/app/image/357x357/?url=https://mydukaan.s3.amazonaws.com/4095334/aed5eba0-f960-4532-acdb-c318a2972346/1619776496464-94f2a004-98ca-4f1b-a9dd-8c03d27c2972.jpeg,nyle advanced shampoo damage repair,Size: 90ml,47,,personal-care
88,https://cdn.mydukaan.io/app/image/357x357/?url=https://mydukaan.s3.amazonaws.com/4095334/aed5eba0-f960-4532-acdb-c318a2972346/1619776620769-bc07188a-74f0-4364-9ec0-4fbdbd6d21a8.jpeg,nyle advanced shampoo dryness hydration/నైల్ అడ్వాన్స్డ్ షాంపూ డ్రైనెస్ హైడ్రేషన్,Size: 90ml,47,,personal-care
89,https://cdn.mydukaan.io/app/image/357x357/?url=https://mydukaan.s3.amazonaws.com/4095334/aed5eba0-f960-4532-acdb-c318a2972346/1619776744989-671c89df-7ed7-4970-85ac-e5799df5939b.jpeg,nyle advanced shampoo volume enhance/నైల్ అడ్వాన్స్డ్ షాంపూ వాల్యూమ్ ఎన్హాన్స్,Size: 90ml,47,,personal-care
90,https://cdn.mydukaan.io/app/image/357x357/?url=https://mydukaan.s3.amazonaws.com/4095334/aed5eba0-f960-4532-acdb-c318a2972346/1619776930860-847c6097-5293-4dc3-a393-e63dd08d816e.jpeg,meera shampoo/మీరా షాంపూ,per 180 ml,60,62,personal-care
91,https://cdn.mydukaan.io/app/image/357x357/?url=https://mydukaan.s3.amazonaws.com/4095334/aed5eba0-f960-4532-acdb-c318a2972346/1619777015580-f5b9547d-004c-4ecc-904b-eeff91d28258.jpeg,meera anti dandruff shampoo/మీరా యాంటీ డాన్‌డ్రఫ్ షాంపూ,Size: 80 Ml,66,68,personal-care
92,https://cdn.mydukaan.io/app/image/357x357/?url=https://mydukaan.s3.amazonaws.com/4095334/aed5eba0-f960-4532-acdb-c318a2972346/1619777696089-ab971a3c-e134-4370-8fce-555884952cb7.jpeg,clinic plus shampoo-sheet 16pcs/క్లీనిక్ ప్లస్ షాంపూ షీట్ 16 పిసిలు,per bundle,15,16,personal-care
93,https://cdn.mydukaan.io/app/image/357x357/?url=https://mydukaan.s3.amazonaws.com/4095334/aed5eba0-f960-4532-acdb-c318a2972346/1619777858694-293998dd-a22c-4c61-9ba4-7bb82e5d4138.jpeg,sun silk shampoo(black) -16pcs/సన్ సిల్క్ షాంపూ షీట్ (బ్లాక్)- 16 పిసిలు,per bundle,15,16,personal-care
94,https://cdn.mydukaan.io/app/image/357x357/?url=https://mydukaan.s3.amazonaws.com/4095334/aed5eba0-f960-4532-acdb-c318a2972346/1619777979263-a92e85b2-15d0-4f12-aaaa-763e33329ff7.jpeg,meera shampoo sheet (20pcs)/మీరా షాంపూ షీట్ (20 పిసిలు),per bundle,38,40,personal-care
95,https://cdn.mydukaan.io/app/image/357x357/?url=https://mydukaan.s3.amazonaws.com/4095334/aed5eba0-f960-4532-acdb-c318a2972346/1619778100690-ccd9150f-f1d7-43b9-acfb-62693d225b7f.jpeg,dove shampoo sheet(16pcs)/డోవ్ షాంపూ షీట్ (16 పిసిలు),per bundle,30,32,personal-care
96,https://cdn.mydukaan.io/app/image/357x357/?url=https://mydukaan.s3.amazonaws.com/4095334/aed5eba0-f960-4532-acdb-c318a2972346/1619778349153-2d40ddba-ae65-4ce8-bde1-bdcd6c87d18d.jpeg,meera white shampoo sheet (20pcs)/మీరా వైట్ షాంపూ షీట్ (20 పిసిలు),per bundle,38,40,personal-care
97,https://cdn.mydukaan.io/app/image/357x357/?url=https://mydukaan.s3.amazonaws.com/4095334/aed5eba0-f960-4532-acdb-c318a2972346/1619778478792-071e1f0d-30ee-4c4a-a4af-6ae3611402f2.jpeg,head & shoulders max cool sheet (16pcs)/హెడ్ & షోల్డర్స్ మాక్స్ కూల్ షీట్ (16 పిసిలు),per bundle,30,32,personal-care
98,https://cdn.mydukaan.io/app/image/357x357/?url=https://mydukaan.s3.amazonaws.com/4095334/aed5eba0-f960-4532-acdb-c318a2972346/1619778568868-f4a6420a-2431-41e1-b6e4-f20290fdf7b2.jpeg,head & shoulders basic clean sheet (16pcs)/హెడ్ & షోల్డర్స్ బేసిక్ క్లీన్ షీట్ (16 పిసిలు),per bundle,30,32,personal-care
99,https://cdn.mydukaan.io/app/image/357x357/?url=https://mydukaan.s3.amazonaws.com/4095334/aed5eba0-f960-4532-acdb-c318a2972346/1619778638273-4b642a17-2444-4cad-bda8-2054b7cd0e2f.jpeg,head & shoulders basic cool sheet (16pcs)/హెడ్ & షోల్డర్స్ బేసిక్ కూల్ షీట్ (16 పిసిలు),per bundle,30,32,personal-care
100,https://cdn.mydukaan.io/app/image/357x357/?url=https://mydukaan.s3.amazonaws.com/4095334/aed5eba0-f960-4532-acdb-c318a2972346/1619778792807-30eeeb16-e6e2-489f-8a60-72a5cc79d6a4.jpeg,panteen lively clean shampoo(16pcs)/పాంటీన్ లైవ్లీ క్లీన్ షాంపూ (16 ప్యాకెట్లు),per bundle,30,32,personal-care
101,https://cdn.mydukaan.io/app/image/357x357/?url=https://mydukaan.s3.amazonaws.com/4095334/aed5eba0-f960-4532-acdb-c318a2972346/1619921695105-dd11dc5c-e012-41c3-b626-0f75351d4748.jpeg,gillette wilkinson blades(5 blade)/జిలెట్ విల్కిన్సన్ బ్లేడ్లు,per packet,12,14,personal-care
102,https://cdn.mydukaan.io/app/image/357x357/?url=https://mydukaan.s3.amazonaws.com/4095334/aed5eba0-f960-4532-acdb-c318a2972346/1619921819054-20610b9c-03d1-4634-b403-905991d75721.jpeg,winner blade(5 pack)/ విన్నర్ బ్లేడ్,per packet,9,,personal-care
103,https://cdn.mydukaan.io/app/image/357x357/?url=https://mydukaan.s3.amazonaws.com/4095334/aed5eba0-f960-4532-acdb-c318a2972346/1619921884895-63f0b840-7a37-456f-a1c9-975f052a8cda.jpeg,winner blade (10pack)/ విన్నర్ బ్లేడ్,per packet,25,26,personal-care
104,https://cdn.mydukaan.io/app/image/357x357/?url=https://mydukaan.s3.amazonaws.com/4095334/aed5eba0-f960-4532-acdb-c318a2972346/1619922001247-acf98334-5e78-4227-8b01-6009517c74cf.jpeg,laser ultra blade(10 pack)/ లేజర్ అల్ట్రా బ్లేడ్,per packet,23,25,personal-care
105,https://cdn.mydukaan.io/app/image/357x357/?url=https://mydukaan.s3.amazonaws.com/4095334/aed5eba0-f960-4532-acdb-c318a2972346/1619922239620-56e8d957-d441-473d-b0f7-676efbf15ba2.jpeg,gillette gaurd shaving razor/ జిలెట్ గౌర్డ్ షేవింగ్ రేజర్,per piece,24,,personal-care
106,https://cdn.mydukaan.io/app/image/357x357/?url=https://mydukaan.s3.amazonaws.com/4095334/aed5eba0-f960-4532-acdb-c318a2972346/1619922367367-920b9c5e-68a5-49ec-b018-d23d9d0214ff.jpeg,gillette presto razor/ జిలెట్ ప్రెస్టో రేజర్,per piece,20,,personal-care
107,https://cdn.mydukaan.io/app/image/357x357/?url=https://mydukaan.s3.amazonaws.com/personal-care/stayfree-secure-cottony-soft-sanitary-napkin-with-wings-regular-7-pads-gdv8gt8nl7.jpg,stayfree secure cotton soft sanitary napkin with wings (regular) 7 padsస్టేఫ్రీ సెక్యూర్ కాటన్ సాఫ్ట్ సానిటరీ నాప్కిన్ విత్ వింగ్స్ (xl) 7 పాడ్స్,per 7 pcs,28,30,personal-care
108,https://cdn.mydukaan.io/app/image/357x357/?url=https://mydukaan.s3.amazonaws.com/4095334/aed5eba0-f960-4532-acdb-c318a2972346/1619950337996-9729432e-a8cc-40eb-9899-189a6f376085.jpeg,stayfree secure cottony soft sanitary napkin with wings (xl) 6 pads/స్టేఫ్రీ సెక్యూర్ కాటన్ సాఫ్ట్ సానిటరీ నాప్కిన్ విత్ వింగ్స్ (xl) 6 పాడ్స్,per 6 pcs,34,36,personal-care
109,https://cdn.mydukaan.io/app/image/357x357/?url=https://mydukaan.s3.amazonaws.com/personal-care/whisper-choice-ultra-sanitary-napkin-with-wings-xl-6-pads-0cba90s8n9.jpg,whisper choice ultra sanitary napkin with wings (xl) 6 pads/విస్పర్ ఛాయిస్ అల్ట్రా శానిటరీ నాప్కిన్ వింగ్స్ (ఎక్స్ఎల్) 6 ప్యాడ్లు,per 6 pcs,40,42,personal-care
110,https://cdn.mydukaan.io/app/image/357x357/?url=https://mydukaan.s3.amazonaws.com/4095334/aed5eba0-f960-4532-acdb-c318a2972346/1619950710122-c9f69b0c-c953-4b05-aedf-c842b57c0c5e.jpeg,nine extra long pads/నైన్ ఎక్స్‌ట్రా లాంగ్ ప్యాడ్లు,per piece,33,35,personal-care
111,https://cdn.mydukaan.io/app/image/357x357/?url=https://mydukaan.s3.amazonaws.com/4095334/aed5eba0-f960-4532-acdb-c318a2972346/1619952893140-b004c2bf-34ae-45b9-8721-8a3663e4e372.jpeg,whisper extra long xl 6 pads/విష్పర్ ఎక్స్‌ట్రా లాంగ్ ఎక్స్‌ఎల్ 6 ప్యాడ్‌లు,per 6 piece,34,36,personal-care
112,https://cdn.mydukaan.io/app/image/357x357/?url=https://mydukaan.s3.amazonaws.com/4095334/aed5eba0-f960-4532-acdb-c318a2972346/1620011469991-e162e136-aa37-47fa-b09e-414198715ecf.jpeg,colgate super flexi brush / కోల్‌గేట్ సూపర్ ఫ్లెక్సీ బ్రష్,per piece,20,,personal-care
113,https://cdn.mydukaan.io/app/image/357x357/?url=https://mydukaan.s3.amazonaws.com/4095334/aed5eba0-f960-4532-acdb-c318a2972346/1620011566694-720c3461-2d8f-49de-9001-0f1d34c6ce90.jpeg,sensodyne daily care brush soft / సెన్సోడిన్ డైలీ కేర్ బ్రష్ సాఫ్ట్,per piece,30,,personal-care
114,https://cdn.mydukaan.io/app/image/357x357/?url=https://mydukaan.s3.amazonaws.com/4095334/aed5eba0-f960-4532-acdb-c318a2972346/1620011647852-74a9c292-0054-48f6-bec9-b545326ebb29.jpeg,ajay hard brush / అజయ్ హార్డ్ బ్రష్,per piece,20,22,personal-care
115,https://cdn.mydukaan.io/app/image/357x357/?url=https://mydukaan.s3.amazonaws.com/4095334/aed5eba0-f960-4532-acdb-c318a2972346/1620011823679-4bd8dbdd-2af1-452a-a943-4da2c0b09762.jpeg,pepsodent fighter medium brush / పెప్సోడెంట్ ఫైటర్ మీడియం బ్రష్,per piece,20,,personal-care
116,https://cdn.mydukaan.io/app/image/357x357/?url=https://mydukaan.s3.amazonaws.com/4095334/aed5eba0-f960-4532-acdb-c318a2972346/1620011960354-c58c9ad1-84bf-47d2-b6b6-82f7785b41d6.jpeg,sensodyne sensitive brush (buy 2 get 1 free) / సెన్సోడైన్ సెన్సిటివ్ బ్రష్ (2 గెట్ 1 ఫ్రీ కొనండి),per set,95,100,personal-care
117,https://cdn.mydukaan.io/app/image/357x357/?url=https://mydukaan.s3.amazonaws.com/4095334/aed5eba0-f960-4532-acdb-c318a2972346/1620122669325-67d1b033-410e-447b-b292-b351ccd9e4ef.jpeg,liril soap/లిరిల్ సబ్బు,per 100 gram,34,35,personal-care
118,https://cdn.mydukaan.io/app/image/357x357/?url=https://mydukaan.s3.amazonaws.com/personal-care/hamam-neem-tulsi-aloe-vera-soap-ay3ya9bwr3.jpg,"hamam neem, tulsi & aloe vera soap",per 100 g,31,32,personal-care
119,https://cdn.mydukaan.io/app/image/357x357/?url=https://mydukaan.s3.amazonaws.com/personal-care/dove-nutritive-solutions-daily-shine-shampoo-s4dggzs3ks.jpg,dove nutritive solutions daily shine shampoo,per 80 ml,58,60,personal-care
120,https://cdn.mydukaan.io/app/image/357x357/?url=https://mydukaan.s3.amazonaws.com/personal-care/ayush-purifying-turmeric-soap-skaqmeoh8m.jpg,ayush purifying turmeric soap,per 100 gm,26,27,personal-care
121,https://cdn.mydukaan.io/app/image/357x357/?url=https://mydukaan.s3.amazonaws.com/4095334/aed5eba0-f960-4532-acdb-c318a2972346/1622266010723-1de3c3eb-5f77-4c31-ae87-046ce52690cf.jpeg,shower to shower prickly heat powder sandal,per 150 gram,105,110,personal-care
122,https://cdn.mydukaan.io/app/image/357x357/?url=https://mydukaan.s3.amazonaws.com/4095334/aed5eba0-f960-4532-acdb-c318a2972346/1622266147714-521d4a2d-c360-48d4-a544-4dea7d1b9dac.jpeg,shower to shower prickly heat powder super cool,per 150 gram,105,110,personal-care
123,https://cdn.mydukaan.io/app/image/357x357/?url=https://mydukaan.s3.amazonaws.com/4095334/aed5eba0-f960-4532-acdb-c318a2972346/1622441990232-a9bc54b4-6f06-4fa1-a5e1-a35a5b3070d5.jpeg,lifebuoy hand wash,per piece,88,90,personal-care
124,https://cdn.mydukaan.io/app/image/357x357/?url=https://mydukaan.s3.amazonaws.com/4095334/aed5eba0-f960-4532-acdb-c318a2972346/1623219450054-72c9ddb5-b218-4acf-ad72-96163f204762.jpeg,mysore sandal soap,per 75 gram,39,40,personal-care
125,https://cdn.mydukaan.io/app/image/357x357/?url=https://mydukaan.s3.amazonaws.com/4095334/aed5eba0-f960-4532-acdb-c318a2972346/1623219432869-f0d8aeed-21a7-45e5-aae7-4888a62baf15.jpeg,mysore sandal soap,per 150 gram,75,78,personal-care
126,https://cdn.mydukaan.io/app/image/357x357/?url=https://mydukaan.s3.amazonaws.com/4095334/aed5eba0-f960-4532-acdb-c318a2972346/1623219421926-68e1fc08-d378-49fb-bc80-fcda2875df07.jpeg,mysore sandal soap,per 450 gram,225,232,personal-care
127,https://cdn.mydukaan.io/app/image/357x357/?url=https://mydukaan.s3.amazonaws.com/4095334/aed5eba0-f960-4532-acdb-c318a2972346/1623219411459-6e09fc74-2cbb-4cbe-9d3c-16acae9ce155.jpeg,mysore sandal gold soap,per 125 gram,83,85,personal-care
128,https://cdn.mydukaan.io/app/image/357x357/?url=https://mydukaan.s3.amazonaws.com/4095334/aed5eba0-f960-4532-acdb-c318a2972346/1623220085362-1fb7604f-e452-4146-be7c-c03aadcce4a9.jpeg,head&shoulders neem shampo(16,per bundle,30,32,personal-care
129,https://cdn.mydukaan.io/app/image/357x357/?url=https://mydukaan.s3.amazonaws.com/4095334/aed5eba0-f960-4532-acdb-c318a2972346/1623124330009-a68ed58b-5d67-435b-a603-d8f84ac9fa4e.jpeg,lux jasmine/లక్స్ జాస్మిన్(4+1,per 500 gram,132,135,personal-care
130,https://cdn.mydukaan.io/app/image/357x357/?url=https://mydukaan.s3.amazonaws.com/4095334/aed5eba0-f960-4532-acdb-c318a2972346/1623124544590-71a748f8-b838-43ef-9146-70139587e66e.jpeg,lux jasmine/లక్స్ జాస్మిన్,per 100 gram,26,27,personal-care
131,https://cdn.mydukaan.io/app/image/357x357/?url=https://mydukaan.s3.amazonaws.com/4095334/aed5eba0-f960-4532-acdb-c318a2972346/1623124635647-e3d0ed8a-ab84-45f5-a992-339dfb7f689f.jpeg,lux fresh splash/లక్స్ ఫ్రెష్,per 100 gram,29,30,personal-care
132,https://cdn.mydukaan.io/app/image/357x357/?url=https://mydukaan.s3.amazonaws.com/4095334/aed5eba0-f960-4532-acdb-c318a2972346/1623393678792-bff8e781-4696-4667-a3f5-6e7ce48caf44.jpeg,barli powder/ బార్లి పౌడర్,per 100 gram,15,,personal-care
133,https://cdn.mydukaan.io/app/image/357x357/?url=https://mydukaan.s3.amazonaws.com/personal-care/super-vasmol-33-kesh-kala-oil-based-hair-colour-3bopeax6o7.jpg,super vasmol 33 kesh kala oil based hair colour,Size: 50 Ml,32,34,personal-care
134,https://cdn.mydukaan.io/app/image/357x357/?url=https://mydukaan.s3.amazonaws.com/personal-care/meswak-complete-oral-care-toothpaste-bpq3divli7.jpg,meswak complete oral care toothpaste,Size: 50 Gm,20,,personal-care
135,https://cdn.mydukaan.io/app/image/357x357/?url=https://mydukaan.s3.amazonaws.com/4095334/aed5eba0-f960-4532-acdb-c318a2972346/1624361337705-f2f43ded-5e19-4f9f-812f-6f588bb4a8e0.jpeg,dabur clove herbal tooth paste,Size: 50 Gm,20,,personal-care
136,https://cdn.mydukaan.io/app/image/357x357/?url=https://mydukaan-prod.s3.amazonaws.com/master/products/product__29365d38-2d49-4974-9865-8a2214275bc4.jpg,head & shoulders cool menthol anti dandruff shampoo 180 ml,Size: 72 Ml,68,,personal-care
137,https://cdn.mydukaan.io/app/image/357x357/?url=https://mydukaan-prod.s3.amazonaws.com/master/products/product__280dfa32-ebcd-4713-80a4-57affe132078.jpg,head & shoulders lemon fresh anti dandruff shampoo 180ml,per 72 ml,68,,personal-care
138,https://cdn.mydukaan.io/app/image/357x357/?url=https://mydukaan-prod.s3.amazonaws.com/master/products/lifebuoy-germ-protection-soap-total10-4-65gm.jpg,lifebuoy germ protection soap / లైఫ్‌బాయ్,per 125 gm,28,29,personal-care
139,https://cdn.mydukaan.io/app/image/357x357/?url=https://mydukaan-prod.s3.amazonaws.com/master/products/vaseline-deep-restore-body-lotion-50ml.jpg,vaseline deep restore body lotion 100ml,per 100 ml,73,75,personal-care
140,https://cdn.mydukaan.io/app/image/357x357/?url=https://mydukaan-prod.s3.amazonaws.com/master/products/vaseline-aloe-fresh-body-lotion-100ml.jpg,vaseline aloe fresh body lotion 100ml,per 100 ml,97,99,personal-care
141,https://cdn.mydukaan.io/app/image/357x357/?url=https://projecteagle.s3.ap-south-1.amazonaws.com/images/2bea0abc-318b-495b-9747-dc23c12b89f3.jpg,mysore sandal talc,per 300 gm,105,110,personal-care
142,https://cdn.mydukaan.io/app/image/357x357/?url=https://projecteagle.s3.ap-south-1.amazonaws.com/images/6f205c10-139f-4bf5-842a-9ffb8c10b99f.jpg,mysore sandal talc,per 100 gm,43,45,personal-care
143,https://cdn.mydukaan.io/app/image/357x357/?url=https://projecteagle.s3.ap-south-1.amazonaws.com/images/b29da623-a0eb-4104-a7c0-8145d2971802.jpg,mysore sandal talc,per 50 gm,25,,personal-care
144,https://cdn.mydukaan.io/app/image/357x357/?url=https://mydukaan-prod.s3.amazonaws.com/master/products/cinthol-cool-3-pic-set.png,cinthol cool 3 pic set,per 225 gm,80,81,personal-care
145,https://cdn.mydukaan.io/app/image/357x357/?url=https://projecteagle.s3.ap-south-1.amazonaws.com/images/1722db82-0098-43f9-9bdc-e8db1e57d17b.jpg,cinthol cool,per 50 gm,10,,personal-care
146,https://cdn.mydukaan.io/app/image/357x357/?url=https://projecteagle.s3.ap-south-1.amazonaws.com/images/d06e761c-c17b-418d-a623-362e552da6cd.jpg,nature power papaya soap,per 125 gm,40,,personal-care
